feature,importance
Avg_Unit_Price,0.5682675931232937
Gross_Margin,0.2453390114887969
Quantity,0.12781012168989264
Region_Central,0.014645246968716134
Segment_Corporate,0.007360960761032964
Discount,0.0064533269396996945
Sub-Category_Copiers,0.0030126457072980647
Sub-Category_Machines,0.0027766842065141137
Segment_Consumer,0.0027356307173966375
Region_South,0.002618056755247042
